"Id","Name"
"001dL000007ZHTOQA4","Account1"
"001dL000007ZHTPQA4","Account2"
"001dL000007ZHTQQA4","Account3"
"001dL000007ZHTRQA4","Account4"
"001dL000007ZHTSQA4","Account5"
"001dL000007ZHTTQA4","Account6"
"001dL000007ZHTUQA4","Account7"
"001dL000007ZHTVQA4","Account8"
"001dL000007ZHTWQA4","Account9"
"001dL000007ZHTXQA4","Account10"
"001dL000007ZHTYQA4","Account11"
"001dL000007ZHTZQA4","Account12"
"001dL000007ZHTaQAO","Account13"
"001dL000007ZHTbQAO","Account14"
"001dL000007ZHTcQAO","Account15"
"001dL000007ZHTdQAO","Account16"
"001dL000007ZHTeQAO","Account17"
"001dL000007ZHTfQAO","Account18"
"001dL000007ZHTgQAO","Account19"
"001dL000007ZHThQAO","Account20"
"001dL000007ZHTiQAO","Account21"
"001dL000007ZHTjQAO","Account22"
"001dL000007ZHTkQAO","Account23"
"001dL000007ZHTlQAO","Account24"
"001dL000007ZHTmQAO","Account25"
"001dL000007ZHTnQAO","Account26"
"001dL000007ZHToQAO","Account27"
"001dL000007ZHTpQAO","Account28"
"001dL000007ZHTqQAO","Account29"
"001dL000007ZHTrQAO","Account30"
"001dL000007ZHTsQAO","Account31"
"001dL000007ZHTtQAO","Account32"
"001dL000007ZHTuQAO","Account33"
"001dL000007ZHTvQAO","Account34"
"001dL000007ZHTwQAO","Account35"
"001dL000007ZHTxQAO","Account36"
"001dL000007ZHTyQAO","Account37"
"001dL000007ZHTzQAO","Account38"
"001dL000007ZHU0QAO","Account39"
"001dL000007ZHU1QAO","Account40"
"001dL000007ZHU2QAO","Account41"
"001dL000007ZHU3QAO","Account42"
"001dL000007ZHU4QAO","Account43"
"001dL000007ZHU5QAO","Account44"
"001dL000007ZHU6QAO","Account45"
"001dL000007ZHU7QAO","Account46"
"001dL000007ZHU8QAO","Account47"
"001dL000007ZHU9QAO","Account48"
"001dL000007ZHUAQA4","Account49"
"001dL000007ZHUBQA4","Account50"
