"Id","FirstName","LastName","Email","AccountId"
"003dL0000007NXmQAM","Rose","Gonzalez","rose@edge.com","001dL000000ZWY6QAO"
"003dL0000007NXnQAM","Sean","Forbes","sean@edge.com","001dL000000ZWY6QAO"
"003dL0000007NXoQAM","Jack","Rogers","jrogers@burlington.com","001dL000000ZWY7QAO"
"003dL0000007NXpQAM","Pat","Stumuller","pat@pyramid.net","001dL000000ZWY8QAO"
"003dL0000007NXqQAM","Andy","Young","a_young@dickenson.com","001dL000000ZWY9QAO"
"003dL0000007NXrQAM","Tim","Barr","barr_tim@grandhotels.com","001dL000000ZWYAQA4"
"003dL0000007NXsQAM","John","Bond","bond_john@grandhotels.com","001dL000000ZWYAQA4"
"003dL0000007NXtQAM","Stella","Pavlova","spavlova@uog.com","001dL000000ZWYBQA4"
"003dL0000007NXuQAM","Lauren","Boyle","lboyle@uog.com","001dL000000ZWYBQA4"
"003dL0000007NXvQAM","Babara","Levy","b.levy@expressl&t.net","001dL000000ZWYCQA4"
"003dL0000007NXwQAM","Josh","Davis","j.davis@expressl&t.net","001dL000000ZWYCQA4"
"003dL0000007NXxQAM","Jane","Grey","jane_gray@uoa.edu","001dL000000ZWYDQA4"
"003dL0000007NXyQAM","Arthur","Song","asong@uog.com","001dL000000ZWYBQA4"
"003dL0000007NXzQAM","Ashley","James","ajames@uog.com","001dL000000ZWYEQA4"
"003dL0000007NY0QAM","Tom","Ripley","tripley@uog.com","001dL000000ZWYFQA4"
"003dL0000007NY1QAM","Liz","D'Cruz","ldcruz@uog.com","001dL000000ZWYFQA4"
"003dL0000007NY2QAM","Edna","Frank","efrank@genepoint.com","001dL000000ZWYGQA4"
"003dL0000007NY3QAM","Avi","Green","agreen@uog.com","001dL000000ZWYBQA4"
"003dL0000007NY4QAM","Siddartha","Nedaerk","","001dL000000ZWYHQA4"
"003dL0000007NY5QAM","Jake","Llorrac","","001dL000000ZWYHQA4"
"003dL0000009TsPQAU","Ravi","Desai","","001dL000000qQpdQAE"
"003dL000000kd9iQAA","Ravi","Desai","desairavi2002@gmail.com",""
"003dL000000lqETQAY","Neel","Ramani","","001dL000005QQ5dQAG"
"003dL000000mrBhQAI","Neel","Patel","","001dL000000gQ6BQAU"
"003dL000000o6DqQAI","Vimal","Desai","","001dL000005qa6cQAA"
"003dL000000r3WMQAY","MVClouds_Con_01","lName_01","",""
"003dL000000r3WNQAY","MVClouds_Con_02","lName_02","",""
"003dL000000r3WOQAY","MVClouds_Con_03","lName_03","",""
"003dL000000r3WPQAY","MVClouds_Con_04","lName_04","",""
"003dL000000r3WQQAY","MVClouds_Con_05","lName_05","",""
"003dL000000r3WRQAY","MVClouds_Con_06","lName_06","",""
"003dL000000r3WSQAY","MVClouds_Con_07","lName_07","",""
"003dL000000r3WTQAY","MVClouds_Con_08","lName_08","",""
"003dL000000r3WUQAY","MVClouds_Con_09","lName_09","",""
"003dL000000r3WVQAY","MVClouds_Con_10","lName_10","",""
"003dL000000r3WWQAY","MVClouds_Con_11","lName_11","",""
"003dL000000r3WXQAY","MVClouds_Con_12","lName_12","",""
"003dL000000r3WYQAY","MVClouds_Con_13","lName_13","",""
"003dL000000r3WZQAY","MVClouds_Con_14","lName_14","",""
"003dL000000r3WaQAI","MVClouds_Con_15","lName_15","",""
"003dL000000r3WbQAI","MVClouds_Con_16","lName_16","",""
"003dL000000r3WcQAI","MVClouds_Con_17","lName_17","",""
"003dL000000r3WdQAI","MVClouds_Con_18","lName_18","",""
"003dL000000r3WeQAI","MVClouds_Con_19","lName_19","",""
"003dL000000r3WfQAI","MVClouds_Con_20","lName_20","",""
"003dL000000r3WgQAI","MVClouds_Con_21","lName_21","",""
"003dL000000r3WhQAI","MVClouds_Con_22","lName_22","",""
"003dL000000r3WiQAI","MVClouds_Con_23","lName_23","",""
"003dL000000r3WjQAI","MVClouds_Con_24","lName_24","",""
"003dL000000r3WkQAI","MVClouds_Con_25","lName_25","",""
