"Salesforce Id",Result,Status,FirstName,LastName,Email,AccountId
003dL0000014z6mQAA,Success,Created,John1,Doe1,john.doe@example.com,001dL000007ZHTOQA4
003dL0000014z6nQAA,Success,Created,John2,Doe2,john.doe@example.com,001dL000007ZHTPQA4
003dL0000014z6oQAA,Success,Created,John3,Doe3,john.doe@example.com,001dL000007ZHTQQA4
003dL0000014z6pQAA,Success,Created,John4,Doe4,john.doe@example.com,001dL000007ZHTRQA4
003dL0000014z6qQAA,Success,Created,John5,Doe5,john.doe@example.com,001dL000007ZHTSQA4
003dL0000014z6rQAA,Success,Created,John6,Doe6,john.doe@example.com,001dL000007ZHTTQA4
003dL0000014z6sQAA,Success,Created,John7,Doe7,john.doe@example.com,001dL000007ZHTUQA4
003dL0000014z6tQAA,Success,Created,John8,Doe8,john.doe@example.com,001dL000007ZHTVQA4
003dL0000014z6uQAA,Success,Created,John9,Doe9,john.doe@example.com,001dL000007ZHTWQA4
003dL0000014z6vQAA,Success,Created,John10,Doe10,john.doe@example.com,001dL000007ZHTXQA4
003dL0000014z6wQAA,Success,Created,John11,Doe11,john.doe@example.com,001dL000007ZHTYQA4
003dL0000014z6xQAA,Success,Created,John12,Doe12,john.doe@example.com,001dL000007ZHTZQA4
003dL0000014z6yQAA,Success,Created,John13,Doe13,john.doe@example.com,001dL000007ZHTaQAO
003dL0000014z6zQAA,Success,Created,John14,Doe14,john.doe@example.com,001dL000007ZHTbQAO
003dL0000014z70QAA,Success,Created,John15,Doe15,john.doe@example.com,001dL000007ZHTcQAO
003dL0000014z71QAA,Success,Created,John16,Doe16,john.doe@example.com,001dL000007ZHTdQAO
003dL0000014z72QAA,Success,Created,John17,Doe17,john.doe@example.com,001dL000007ZHTeQAO
003dL0000014z73QAA,Success,Created,John18,Doe18,john.doe@example.com,001dL000007ZHTfQAO
003dL0000014z74QAA,Success,Created,John19,Doe19,john.doe@example.com,001dL000007ZHTgQAO
003dL0000014z75QAA,Success,Created,John20,Doe20,john.doe@example.com,001dL000007ZHThQAO
003dL0000014z76QAA,Success,Created,John21,Doe21,john.doe@example.com,001dL000007ZHTiQAO
003dL0000014z77QAA,Success,Created,John22,Doe22,john.doe@example.com,001dL000007ZHTjQAO
003dL0000014z78QAA,Success,Created,John23,Doe23,john.doe@example.com,001dL000007ZHTkQAO
003dL0000014z79QAA,Success,Created,John24,Doe24,john.doe@example.com,001dL000007ZHTlQAO
003dL0000014z7AQAQ,Success,Created,John25,Doe25,john.doe@example.com,001dL000007ZHTmQAO
003dL0000014z7BQAQ,Success,Created,John26,Doe26,john.doe@example.com,001dL000007ZHTnQAO
003dL0000014z7CQAQ,Success,Created,John27,Doe27,john.doe@example.com,001dL000007ZHToQAO
003dL0000014z7DQAQ,Success,Created,John28,Doe28,john.doe@example.com,001dL000007ZHTpQAO
003dL0000014z7EQAQ,Success,Created,John29,Doe29,john.doe@example.com,001dL000007ZHTqQAO
003dL0000014z7FQAQ,Success,Created,John30,Doe30,john.doe@example.com,001dL000007ZHTrQAO
003dL0000014z7GQAQ,Success,Created,John31,Doe31,john.doe@example.com,001dL000007ZHTsQAO
003dL0000014z7HQAQ,Success,Created,John32,Doe32,john.doe@example.com,001dL000007ZHTtQAO
003dL0000014z7IQAQ,Success,Created,John33,Doe33,john.doe@example.com,001dL000007ZHTuQAO
003dL0000014z7JQAQ,Success,Created,John34,Doe34,john.doe@example.com,001dL000007ZHTvQAO
003dL0000014z7KQAQ,Success,Created,John35,Doe35,john.doe@example.com,001dL000007ZHTwQAO
003dL0000014z7LQAQ,Success,Created,John36,Doe36,john.doe@example.com,001dL000007ZHTxQAO
003dL0000014z7MQAQ,Success,Created,John37,Doe37,john.doe@example.com,001dL000007ZHTyQAO
003dL0000014z7NQAQ,Success,Created,John38,Doe38,john.doe@example.com,001dL000007ZHTzQAO
003dL0000014z7OQAQ,Success,Created,John39,Doe39,john.doe@example.com,001dL000007ZHU0QAO
003dL0000014z7PQAQ,Success,Created,John40,Doe40,john.doe@example.com,001dL000007ZHU1QAO
003dL0000014z7QQAQ,Success,Created,John41,Doe41,john.doe@example.com,001dL000007ZHU2QAO
003dL0000014z7RQAQ,Success,Created,John42,Doe42,john.doe@example.com,001dL000007ZHU3QAO
003dL0000014z7SQAQ,Success,Created,John43,Doe43,john.doe@example.com,001dL000007ZHU4QAO
003dL0000014z7TQAQ,Success,Created,John44,Doe44,john.doe@example.com,001dL000007ZHU5QAO
003dL0000014z7UQAQ,Success,Created,John45,Doe45,john.doe@example.com,001dL000007ZHU6QAO
003dL0000014z7VQAQ,Success,Created,John46,Doe46,john.doe@example.com,001dL000007ZHU7QAO
003dL0000014z7WQAQ,Success,Created,John47,Doe47,john.doe@example.com,001dL000007ZHU8QAO
003dL0000014z7XQAQ,Success,Created,John48,Doe48,john.doe@example.com,001dL000007ZHU9QAO
003dL0000014z7YQAQ,Success,Created,John49,Doe49,john.doe@example.com,001dL000007ZHUAQA4
003dL00000153O5QAI,Success,Created,John50,Doe50,john.doe@example.com,001dL000007ZHUBQA4
