Salutation,FirstName,LastName,Mobile
Mr.,Con_01,lName_01,9109109109
Mr.,Con_02,lName_02,9109109109
Mr.,Con_03,lName_03,9109109109
Mr.,Con_04,lName_04,9109109109
Mr.,Con_05,lName_05,9109109109
Mr.,Con_06,lName_06,9109109109
Mr.,Con_07,lName_07,9109109109
Mr.,Con_08,lName_08,9109109109
Mr.,Con_09,lName_09,9109109109
Mr.,Con_10,lName_10,9109109109
Mr.,Con_11,lName_11,9109109109
Mr.,Con_12,lName_12,9109109109
Mr.,Con_13,lName_13,9109109109
Mr.,Con_14,lName_14,9109109109
Mr.,Con_15,lName_15,9109109109
Mr.,Con_16,lName_16,9109109109
Mr.,Con_17,lName_17,9109109109
Mr.,Con_18,lName_18,9109109109
Mr.,Con_19,lName_19,9109109109
Mr.,Con_20,lName_20,9109109109
Mr.,Con_21,lName_21,9109109109
Mr.,Con_22,lName_22,9109109109
Mr.,Con_23,lName_23,9109109109
Mr.,Con_24,lName_24,9109109109
Mr.,Con_25,lName_25,9109109109
Mr.,Con_26,lName_26,9109109109
Mr.,Con_27,lName_27,9109109109
Mr.,Con_28,lName_28,9109109109
Mr.,Con_29,lName_29,9109109109
Mr.,Con_30,lName_30,9109109109
Mr.,Con_31,lName_31,9109109109
Mr.,Con_32,lName_32,9109109109
Mr.,Con_33,lName_33,9109109109
Mr.,Con_34,lName_34,9109109109
Mr.,Con_35,lName_35,9109109109
Mr.,Con_36,lName_36,9109109109
Mr.,Con_37,lName_37,9109109109
Mr.,Con_38,lName_38,9109109109
Mr.,Con_39,lName_39,9109109109
Mr.,Con_40,lName_40,9109109109
Mr.,Con_41,lName_41,9109109109
Mr.,Con_42,lName_42,9109109109
Mr.,Con_43,lName_43,9109109109
Mr.,Con_44,lName_44,9109109109
Mr.,Con_45,lName_45,9109109109
Mr.,Con_46,lName_46,9109109109
Mr.,Con_47,lName_47,9109109109
Mr.,Con_48,lName_48,9109109109
Mr.,Con_49,lName_49,9109109109
Mr.,Con_50,lName_50,9109109109
