ID,Salutation,FirstName,LastName,Mobile,STATUS,PrefixName,FirstName2,Hel
003dL000000r3WMQAY,Mr.,Con_01,lName_01,9109109109,Item Created,MVClouds_,MVClouds_Con_01,
003dL000000r3WNQAY,Mr.,Con_02,lName_02,9109109109,Item Created,MVClouds_,MVClouds_Con_02,
003dL000000r3WOQAY,Mr.,Con_03,lName_03,9109109109,Item Created,MVClouds_,MVClouds_Con_03,
003dL000000r3WPQAY,Mr.,Con_04,lName_04,9109109109,Item Created,MVClouds_,MVClouds_Con_04,
003dL000000r3WQQAY,Mr.,Con_05,lName_05,9109109109,Item Created,MVClouds_,MVClouds_Con_05,
003dL000000r3WRQAY,Mr.,Con_06,lName_06,9109109109,Item Created,MVClouds_,MVClouds_Con_06,
003dL000000r3WSQAY,Mr.,Con_07,lName_07,9109109109,Item Created,MVClouds_,MVClouds_Con_07,
003dL000000r3WTQAY,Mr.,Con_08,lName_08,9109109109,Item Created,MVClouds_,MVClouds_Con_08,
003dL000000r3WUQAY,Mr.,Con_09,lName_09,9109109109,Item Created,MVClouds_,MVClouds_Con_09,
003dL000000r3WVQAY,Mr.,Con_10,lName_10,9109109109,Item Created,MVClouds_,MVClouds_Con_10,
003dL000000r3WWQAY,Mr.,Con_11,lName_11,9109109109,Item Created,MVClouds_,MVClouds_Con_11,
003dL000000r3WXQAY,Mr.,Con_12,lName_12,9109109109,Item Created,MVClouds_,MVClouds_Con_12,
003dL000000r3WYQAY,Mr.,Con_13,lName_13,9109109109,Item Created,MVClouds_,MVClouds_Con_13,
003dL000000r3WZQAY,Mr.,Con_14,lName_14,9109109109,Item Created,MVClouds_,MVClouds_Con_14,
003dL000000r3WaQAI,Mr.,Con_15,lName_15,9109109109,Item Created,MVClouds_,MVClouds_Con_15,
003dL000000r3WbQAI,Mr.,Con_16,lName_16,9109109109,Item Created,MVClouds_,MVClouds_Con_16,
003dL000000r3WcQAI,Mr.,Con_17,lName_17,9109109109,Item Created,MVClouds_,MVClouds_Con_17,
003dL000000r3WdQAI,Mr.,Con_18,lName_18,9109109109,Item Created,MVClouds_,MVClouds_Con_18,
003dL000000r3WeQAI,Mr.,Con_19,lName_19,9109109109,Item Created,MVClouds_,MVClouds_Con_19,
003dL000000r3WfQAI,Mr.,Con_20,lName_20,9109109109,Item Created,MVClouds_,MVClouds_Con_20,
003dL000000r3WgQAI,Mr.,Con_21,lName_21,9109109109,Item Created,MVClouds_,MVClouds_Con_21,
003dL000000r3WhQAI,Mr.,Con_22,lName_22,9109109109,Item Created,MVClouds_,MVClouds_Con_22,
003dL000000r3WiQAI,Mr.,Con_23,lName_23,9109109109,Item Created,MVClouds_,MVClouds_Con_23,
003dL000000r3WjQAI,Mr.,Con_24,lName_24,9109109109,Item Created,MVClouds_,MVClouds_Con_24,
003dL000000r3WkQAI,Mr.,Con_25,lName_25,9109109109,Item Created,MVClouds_,MVClouds_Con_25,
003dL000000r3WlQAI,Mr.,Con_26,lName_26,9109109109,Item Created,MVClouds_,MVClouds_Con_26,
003dL000000r3WmQAI,Mr.,Con_27,lName_27,9109109109,Item Created,MVClouds_,MVClouds_Con_27,
003dL000000r3WnQAI,Mr.,Con_28,lName_28,9109109109,Item Created,MVClouds_,MVClouds_Con_28,
003dL000000r3WoQAI,Mr.,Con_29,lName_29,9109109109,Item Created,MVClouds_,MVClouds_Con_29,
003dL000000r3WpQAI,Mr.,Con_30,lName_30,9109109109,Item Created,MVClouds_,MVClouds_Con_30,
003dL000000r3WqQAI,Mr.,Con_31,lName_31,9109109109,Item Created,MVClouds_,MVClouds_Con_31,
003dL000000r3WrQAI,Mr.,Con_32,lName_32,9109109109,Item Created,MVClouds_,MVClouds_Con_32,
003dL000000r3WsQAI,Mr.,Con_33,lName_33,9109109109,Item Created,MVClouds_,MVClouds_Con_33,
003dL000000r3WtQAI,Mr.,Con_34,lName_34,9109109109,Item Created,MVClouds_,MVClouds_Con_34,
003dL000000r3WuQAI,Mr.,Con_35,lName_35,9109109109,Item Created,MVClouds_,MVClouds_Con_35,
003dL000000r3WvQAI,Mr.,Con_36,lName_36,9109109109,Item Created,MVClouds_,MVClouds_Con_36,
003dL000000r3WwQAI,Mr.,Con_37,lName_37,9109109109,Item Created,MVClouds_,MVClouds_Con_37,
003dL000000r3WxQAI,Mr.,Con_38,lName_38,9109109109,Item Created,MVClouds_,MVClouds_Con_38,
003dL000000r3WyQAI,Mr.,Con_39,lName_39,9109109109,Item Created,MVClouds_,MVClouds_Con_39,
003dL000000r3WzQAI,Mr.,Con_40,lName_40,9109109109,Item Created,MVClouds_,MVClouds_Con_40,
003dL000000r3X0QAI,Mr.,Con_41,lName_41,9109109109,Item Created,MVClouds_,MVClouds_Con_41,
003dL000000r3X1QAI,Mr.,Con_42,lName_42,9109109109,Item Created,MVClouds_,MVClouds_Con_42,
003dL000000r3X2QAI,Mr.,Con_43,lName_43,9109109109,Item Created,MVClouds_,MVClouds_Con_43,
003dL000000r3X3QAI,Mr.,Con_44,lName_44,9109109109,Item Created,MVClouds_,MVClouds_Con_44,
003dL000000r3X4QAI,Mr.,Con_45,lName_45,9109109109,Item Created,MVClouds_,MVClouds_Con_45,
003dL000000r3X5QAI,Mr.,Con_46,lName_46,9109109109,Item Created,MVClouds_,MVClouds_Con_46,
003dL000000r3X6QAI,Mr.,Con_47,lName_47,9109109109,Item Created,MVClouds_,MVClouds_Con_47,
003dL000000r3X7QAI,Mr.,Con_48,lName_48,9109109109,Item Created,MVClouds_,MVClouds_Con_48,
003dL000000r3X8QAI,Mr.,Con_49,lName_49,9109109109,Item Created,MVClouds_,MVClouds_Con_49,
003dL000000r3X9QAI,Mr.,Con_50,lName_50,9109109109,Item Created,MVClouds_,MVClouds_Con_50,
