FirstName,LastName,Email,AccountId
John1,Doe1,john.doe1@example.com,001dL000007ZHTOQA4
John2,Doe2,john.doe2@example.com,001dL000007ZHTPQA4
John3,Doe3,john.doe3@example.com,001dL000007ZHTQQA4
John4,Doe4,john.doe4@example.com,001dL000007ZHTRQA4
John5,Doe5,john.doe5@example.com,001dL000007ZHTSQA4
John6,Doe6,john.doe6@example.com,001dL000007ZHTTQA4
John7,Doe7,john.doe7@example.com,001dL000007ZHTUQA4
John8,Doe8,john.doe8@example.com,001dL000007ZHTVQA4
John9,Doe9,john.doe9@example.com,001dL000007ZHTWQA4
John10,Doe10,john.doe10@example.com,001dL000007ZHTXQA4
John11,Doe11,john.doe11@example.com,001dL000007ZHTYQA4
John12,Doe12,john.doe12@example.com,001dL000007ZHTZQA4
John13,Doe13,john.doe13@example.com,001dL000007ZHTaQAO
John14,Doe14,john.doe14@example.com,001dL000007ZHTbQAO
John15,Doe15,john.doe15@example.com,001dL000007ZHTcQAO
John16,Doe16,john.doe16@example.com,001dL000007ZHTdQAO
John17,Doe17,john.doe17@example.com,001dL000007ZHTeQAO
John18,Doe18,john.doe18@example.com,001dL000007ZHTfQAO
John19,Doe19,john.doe19@example.com,001dL000007ZHTgQAO
John20,Doe20,john.doe20@example.com,001dL000007ZHThQAO
John21,Doe21,john.doe21@example.com,001dL000007ZHTiQAO
John22,Doe22,john.doe22@example.com,001dL000007ZHTjQAO
John23,Doe23,john.doe23@example.com,001dL000007ZHTkQAO
John24,Doe24,john.doe24@example.com,001dL000007ZHTlQAO
John25,Doe25,john.doe25@example.com,001dL000007ZHTmQAO
John26,Doe26,john.doe26@example.com,001dL000007ZHTnQAO
John27,Doe27,john.doe27@example.com,001dL000007ZHToQAO
John28,Doe28,john.doe28@example.com,001dL000007ZHTpQAO
John29,Doe29,john.doe29@example.com,001dL000007ZHTqQAO
John30,Doe30,john.doe30@example.com,001dL000007ZHTrQAO
John31,Doe31,john.doe31@example.com,001dL000007ZHTsQAO
John32,Doe32,john.doe32@example.com,001dL000007ZHTtQAO
John33,Doe33,john.doe33@example.com,001dL000007ZHTuQAO
John34,Doe34,john.doe34@example.com,001dL000007ZHTvQAO
John35,Doe35,john.doe35@example.com,001dL000007ZHTwQAO
John36,Doe36,john.doe36@example.com,001dL000007ZHTxQAO
John37,Doe37,john.doe37@example.com,001dL000007ZHTyQAO
John38,Doe38,john.doe38@example.com,001dL000007ZHTzQAO
John39,Doe39,john.doe39@example.com,001dL000007ZHU0QAO
John40,Doe40,john.doe40@example.com,001dL000007ZHU1QAO
John41,Doe41,john.doe41@example.com,001dL000007ZHU2QAO
John42,Doe42,john.doe42@example.com,001dL000007ZHU3QAO
John43,Doe43,john.doe43@example.com,001dL000007ZHU4QAO
John44,Doe44,john.doe44@example.com,001dL000007ZHU5QAO
John45,Doe45,john.doe45@example.com,001dL000007ZHU6QAO
John46,Doe46,john.doe46@example.com,001dL000007ZHU7QAO
John47,Doe47,john.doe47@example.com,001dL000007ZHU8QAO
John48,Doe48,john.doe48@example.com,001dL000007ZHU9QAO
John49,Doe49,john.doe49@example.com,001dL000007ZHUAQA4
John50,Doe50,john.doe50@example.com,001dL000007ZHUBQA4
