"Id","Name","Phone","Website"
"001dL000000ZWY6QAO","Edge Communications","(512) 757-6000","http://edgecomm.com"
"001dL000000ZWY7QAO","Burlington Textiles Corp of America","(336) 222-7000","www.burlington.com"
"001dL000000ZWY8QAO","Pyramid Construction Inc.","(014) 427-4427","www.pyramid.com"
"001dL000000ZWY9QAO","Dickenson plc","(785) 241-6200","dickenson-consulting.com"
"001dL000000ZWYAQA4","Grand Hotels & Resorts Ltd","(312) 596-1000","www.grandhotels.com"
"001dL000000ZWYBQA4","United Oil & Gas Corp.","(212) 842-5500","http://www.uos.com"
"001dL000000ZWYCQA4","Express Logistics and Transport","(503) 421-7800","www.expressl&t.net"
"001dL000000ZWYDQA4","University of Arizona","(520) 773-9050","www.universityofarizona.com"
"001dL000000ZWYEQA4","United Oil & Gas, UK","+44 191 4956203","http://www.uos.com"
"001dL000000ZWYFQA4","United Oil & Gas, Singapore","(650) 450-8810","http://www.uos.com"
"001dL000000ZWYGQA4","GenePoint","(650) 867-3450","www.genepoint.com"
"001dL000000ZWYHQA4","sForce","(415) 901-7000","www.sforce.com"
"001dL000000ZefJQAS","Sample Account for Entitlements","",""
"001dL000000fk0rQAA","Eng. School","910910",""
"001dL000000gQ6BQAU","Tech School","9696961212",""
"001dL000000qQpdQAE","RaviDesai Tech","434343",""
"001dL000005QQ5dQAG","TechWorld","9898989898",""
"001dL000005qa6cQAA","Alpesh_acc_02","",""
"001dL000005qaivQAA","Jadu_acc_01","",""
"001dL000005r4DFQAY","Jadu_acc_02","",""
"001dL000005rMFdQAM","Alpesh_acc_01","",""
"001dL000005rMFfQAM","Akash_acc_01","",""
"001dL000005rVxFQAU","Akash_acc_02","",""
"001dL000005teMzQAI","demo_acc_01","",""
"001dL000006AQgzQAG","Demo_acc_01","",""
"001dL000006AQh0QAG","Demo_acc_02","",""
"001dL000006AQh1QAG","Demo_acc_03","",""
"001dL000006AQh2QAG","Demo_acc_04","",""
"001dL000006AQh3QAG","Demo_acc_05","",""
"001dL000006AQh4QAG","Demo_acc_06","",""
"001dL000006AQh5QAG","Demo_acc_07","",""
"001dL000006AQh6QAG","Demo_acc_08","",""
"001dL000006AQh7QAG","Demo_acc_09","",""
"001dL000006AQh8QAG","Demo_acc_10","",""
"001dL000006AQh9QAG","Demo_acc_11","",""
"001dL000006AQhAQAW","Demo_acc_12","",""
"001dL000006AQhBQAW","Demo_acc_13","",""
"001dL000006AQhCQAW","Demo_acc_14","",""
"001dL000006AQhDQAW","Demo_acc_15","",""
"001dL000006AQhEQAW","Demo_acc_16","",""
"001dL000006AQhFQAW","Demo_acc_17","",""
"001dL000006AQhGQAW","Demo_acc_18","",""
"001dL000006AQhHQAW","Demo_acc_19","",""
"001dL000006AQhIQAW","Demo_acc_20","",""
"001dL000006AQhJQAW","Demo_acc_21","",""
"001dL000006AQhKQAW","Demo_acc_22","",""
"001dL000006AQhLQAW","Demo_acc_23","",""
"001dL000006AQhMQAW","Demo_acc_24","",""
"001dL000006AQhNQAW","Demo_acc_25","",""
"001dL000006AQhOQAW","Demo_acc_26","",""
