Id,Name
001dL000007ZHTOQA4,MV_Account1
001dL000007ZHTPQA4,MV_Account2
001dL000007ZHTQQA4,MV_Account3
001dL000007ZHTRQA4,MV_Account4
001dL000007ZHTSQA4,MV_Account5
001dL000007ZHTTQA4,MV_Account6
001dL000007ZHTUQA4,MV_Account7
001dL000007ZHTVQA4,MV_Account8
001dL000007ZHTWQA4,MV_Account9
001dL000007ZHTXQA4,MV_Account10
001dL000007ZHTYQA4,MV_Account11
001dL000007ZHTZQA4,MV_Account12
001dL000007ZHTaQAO,MV_Account13
001dL000007ZHTbQAO,MV_Account14
001dL000007ZHTcQAO,MV_Account15
001dL000007ZHTdQAO,MV_Account16
001dL000007ZHTeQAO,MV_Account17
001dL000007ZHTfQAO,MV_Account18
001dL000007ZHTgQAO,MV_Account19
001dL000007ZHThQAO,MV_Account20
001dL000007ZHTiQAO,MV_Account21
001dL000007ZHTjQAO,MV_Account22
001dL000007ZHTkQAO,MV_Account23
001dL000007ZHTlQAO,MV_Account24
001dL000007ZHTmQAO,MV_Account25
001dL000007ZHTnQAO,MV_Account26
001dL000007ZHToQAO,MV_Account27
001dL000007ZHTpQAO,MV_Account28
001dL000007ZHTqQAO,MV_Account29
001dL000007ZHTrQAO,MV_Account30
001dL000007ZHTsQAO,MV_Account31
001dL000007ZHTtQAO,MV_Account32
001dL000007ZHTuQAO,MV_Account33
001dL000007ZHTvQAO,MV_Account34
001dL000007ZHTwQAO,MV_Account35
001dL000007ZHTxQAO,MV_Account36
001dL000007ZHTyQAO,MV_Account37
001dL000007ZHTzQAO,MV_Account38
001dL000007ZHU0QAO,MV_Account39
001dL000007ZHU1QAO,MV_Account40
001dL000007ZHU2QAO,MV_Account41
001dL000007ZHU3QAO,MV_Account42
001dL000007ZHU4QAO,MV_Account43
001dL000007ZHU5QAO,MV_Account44
001dL000007ZHU6QAO,MV_Account45
001dL000007ZHU7QAO,MV_Account46
001dL000007ZHU8QAO,MV_Account47
001dL000007ZHU9QAO,MV_Account48
001dL000007ZHUAQA4,MV_Account49
001dL000007ZHUBQA4,MV_Account50
